wsid,mdct,date,yr,mo,da,hr
178,06/11/2007 0:00,06/11/2007,2007,11,6,0
178,06/11/2007 1:00,06/11/2007,2007,11,6,1
178,06/11/2007 2:00,06/11/2007,2007,11,6,2
178,06/11/2007 3:00,06/11/2007,2007,11,6,3
178,06/11/2007 4:00,06/11/2007,2007,11,6,4
178,06/11/2007 5:00,06/11/2007,2007,11,6,5
178,06/11/2007 6:00,06/11/2007,2007,11,6,6
178,06/11/2007 7:00,06/11/2007,2007,11,6,7
178,06/11/2007 8:00,06/11/2007,2007,11,6,8
178,06/11/2007 9:00,06/11/2007,2007,11,6,9
178,06/11/2007 10:00,06/11/2007,2007,11,6,10
178,06/11/2007 11:00,06/11/2007,2007,11,6,11
178,06/11/2007 12:00,06/11/2007,2007,11,6,12
178,06/11/2007 13:00,06/11/2007,2007,11,6,13
178,06/11/2007 14:00,06/11/2007,2007,11,6,14
178,06/11/2007 15:00,06/11/2007,2007,11,6,15
178,06/11/2007 16:00,06/11/2007,2007,11,6,16
178,06/11/2007 17:00,06/11/2007,2007,11,6,17
178,06/11/2007 18:00,06/11/2007,2007,11,6,18
178,06/11/2007 19:00,06/11/2007,2007,11,6,19
178,06/11/2007 20:00,06/11/2007,2007,11,6,20
178,06/11/2007 21:00,06/11/2007,2007,11,6,21
178,06/11/2007 22:00,06/11/2007,2007,11,6,22
178,06/11/2007 23:00,06/11/2007,2007,11,6,23
178,07/11/2007 0:00,07/11/2007,2007,11,7,0
178,07/11/2007 1:00,07/11/2007,2007,11,7,1
178,07/11/2007 2:00,07/11/2007,2007,11,7,2
178,07/11/2007 3:00,07/11/2007,2007,11,7,3
178,07/11/2007 4:00,07/11/2007,2007,11,7,4
178,07/11/2007 5:00,07/11/2007,2007,11,7,5
178,07/11/2007 6:00,07/11/2007,2007,11,7,6
178,07/11/2007 7:00,07/11/2007,2007,11,7,7
178,07/11/2007 8:00,07/11/2007,2007,11,7,8
178,07/11/2007 9:00,07/11/2007,2007,11,7,9
178,07/11/2007 10:00,07/11/2007,2007,11,7,10
178,07/11/2007 11:00,07/11/2007,2007,11,7,11
178,07/11/2007 12:00,07/11/2007,2007,11,7,12
178,07/11/2007 13:00,07/11/2007,2007,11,7,13
178,07/11/2007 14:00,07/11/2007,2007,11,7,14
178,07/11/2007 15:00,07/11/2007,2007,11,7,15
178,07/11/2007 16:00,07/11/2007,2007,11,7,16
178,07/11/2007 17:00,07/11/2007,2007,11,7,17
178,07/11/2007 18:00,07/11/2007,2007,11,7,18
178,07/11/2007 19:00,07/11/2007,2007,11,7,19
178,07/11/2007 20:00,07/11/2007,2007,11,7,20
178,07/11/2007 21:00,07/11/2007,2007,11,7,21
178,07/11/2007 22:00,07/11/2007,2007,11,7,22
178,07/11/2007 23:00,07/11/2007,2007,11,7,23
178,08/11/2007 0:00,08/11/2007,2007,11,8,0
178,08/11/2007 1:00,08/11/2007,2007,11,8,1
178,08/11/2007 2:00,08/11/2007,2007,11,8,2
178,08/11/2007 3:00,08/11/2007,2007,11,8,3
178,08/11/2007 4:00,08/11/2007,2007,11,8,4
178,08/11/2007 5:00,08/11/2007,2007,11,8,5
178,08/11/2007 6:00,08/11/2007,2007,11,8,6
178,08/11/2007 7:00,08/11/2007,2007,11,8,7
178,08/11/2007 8:00,08/11/2007,2007,11,8,8
178,08/11/2007 9:00,08/11/2007,2007,11,8,9
178,08/11/2007 10:00,08/11/2007,2007,11,8,10
178,08/11/2007 11:00,08/11/2007,2007,11,8,11
178,08/11/2007 12:00,08/11/2007,2007,11,8,12
178,08/11/2007 13:00,08/11/2007,2007,11,8,13
178,08/11/2007 14:00,08/11/2007,2007,11,8,14
178,08/11/2007 15:00,08/11/2007,2007,11,8,15
178,08/11/2007 16:00,08/11/2007,2007,11,8,16
178,08/11/2007 17:00,08/11/2007,2007,11,8,17
178,08/11/2007 18:00,08/11/2007,2007,11,8,18
178,08/11/2007 19:00,08/11/2007,2007,11,8,19
178,08/11/2007 20:00,08/11/2007,2007,11,8,20
178,08/11/2007 21:00,08/11/2007,2007,11,8,21
178,08/11/2007 22:00,08/11/2007,2007,11,8,22
178,08/11/2007 23:00,08/11/2007,2007,11,8,23
178,09/11/2007 0:00,09/11/2007,2007,11,9,0
178,09/11/2007 1:00,09/11/2007,2007,11,9,1
178,09/11/2007 2:00,09/11/2007,2007,11,9,2
178,09/11/2007 3:00,09/11/2007,2007,11,9,3
178,09/11/2007 4:00,09/11/2007,2007,11,9,4
178,09/11/2007 5:00,09/11/2007,2007,11,9,5
178,09/11/2007 6:00,09/11/2007,2007,11,9,6
178,09/11/2007 7:00,09/11/2007,2007,11,9,7
178,09/11/2007 8:00,09/11/2007,2007,11,9,8
178,09/11/2007 9:00,09/11/2007,2007,11,9,9
178,09/11/2007 10:00,09/11/2007,2007,11,9,10
178,09/11/2007 11:00,09/11/2007,2007,11,9,11
178,09/11/2007 12:00,09/11/2007,2007,11,9,12
178,09/11/2007 13:00,09/11/2007,2007,11,9,13
178,09/11/2007 14:00,09/11/2007,2007,11,9,14
178,09/11/2007 15:00,09/11/2007,2007,11,9,15
178,09/11/2007 16:00,09/11/2007,2007,11,9,16
178,09/11/2007 17:00,09/11/2007,2007,11,9,17
178,09/11/2007 18:00,09/11/2007,2007,11,9,18
178,09/11/2007 19:00,09/11/2007,2007,11,9,19
178,09/11/2007 20:00,09/11/2007,2007,11,9,20
178,09/11/2007 21:00,09/11/2007,2007,11,9,21
178,09/11/2007 22:00,09/11/2007,2007,11,9,22
178,09/11/2007 23:00,09/11/2007,2007,11,9,23
178,10/11/2007 0:00,10/11/2007,2007,11,10,0
178,10/11/2007 1:00,10/11/2007,2007,11,10,1
178,10/11/2007 2:00,10/11/2007,2007,11,10,2
178,10/11/2007 3:00,10/11/2007,2007,11,10,3
303,31/10/2006 0:00,31/10/2006,2006,10,31,0
303,31/10/2006 1:00,31/10/2006,2006,10,31,1
303,31/10/2006 2:00,31/10/2006,2006,10,31,2
303,31/10/2006 3:00,31/10/2006,2006,10,31,3
303,31/10/2006 4:00,31/10/2006,2006,10,31,4
303,31/10/2006 5:00,31/10/2006,2006,10,31,5
303,31/10/2006 6:00,31/10/2006,2006,10,31,6
303,31/10/2006 7:00,31/10/2006,2006,10,31,7
303,31/10/2006 8:00,31/10/2006,2006,10,31,8
303,31/10/2006 9:00,31/10/2006,2006,10,31,9
303,31/10/2006 10:00,31/10/2006,2006,10,31,10
303,31/10/2006 11:00,31/10/2006,2006,10,31,11
303,31/10/2006 12:00,31/10/2006,2006,10,31,12
303,31/10/2006 13:00,31/10/2006,2006,10,31,13
303,31/10/2006 14:00,31/10/2006,2006,10,31,14
303,31/10/2006 15:00,31/10/2006,2006,10,31,15
303,31/10/2006 16:00,31/10/2006,2006,10,31,16
303,31/10/2006 17:00,31/10/2006,2006,10,31,17
303,31/10/2006 18:00,31/10/2006,2006,10,31,18
303,31/10/2006 19:00,31/10/2006,2006,10,31,19
303,31/10/2006 20:00,31/10/2006,2006,10,31,20
303,31/10/2006 21:00,31/10/2006,2006,10,31,21
303,31/10/2006 22:00,31/10/2006,2006,10,31,22
303,31/10/2006 23:00,31/10/2006,2006,10,31,23
303,01/11/2006 0:00,01/11/2006,2006,11,1,0
303,01/11/2006 1:00,01/11/2006,2006,11,1,1
303,01/11/2006 2:00,01/11/2006,2006,11,1,2
303,01/11/2006 3:00,01/11/2006,2006,11,1,3
303,01/11/2006 4:00,01/11/2006,2006,11,1,4
303,01/11/2006 5:00,01/11/2006,2006,11,1,5
303,01/11/2006 6:00,01/11/2006,2006,11,1,6
303,01/11/2006 7:00,01/11/2006,2006,11,1,7
303,01/11/2006 8:00,01/11/2006,2006,11,1,8
303,01/11/2006 9:00,01/11/2006,2006,11,1,9
303,01/11/2006 10:00,01/11/2006,2006,11,1,10
303,01/11/2006 11:00,01/11/2006,2006,11,1,11
303,01/11/2006 12:00,01/11/2006,2006,11,1,12
303,01/11/2006 13:00,01/11/2006,2006,11,1,13
303,01/11/2006 14:00,01/11/2006,2006,11,1,14
303,01/11/2006 15:00,01/11/2006,2006,11,1,15
303,01/11/2006 16:00,01/11/2006,2006,11,1,16
303,01/11/2006 17:00,01/11/2006,2006,11,1,17
303,01/11/2006 18:00,01/11/2006,2006,11,1,18
303,01/11/2006 19:00,01/11/2006,2006,11,1,19
303,01/11/2006 20:00,01/11/2006,2006,11,1,20
303,01/11/2006 21:00,01/11/2006,2006,11,1,21
303,01/11/2006 22:00,01/11/2006,2006,11,1,22
303,01/11/2006 23:00,01/11/2006,2006,11,1,23
303,02/11/2006 0:00,02/11/2006,2006,11,2,0
303,02/11/2006 1:00,02/11/2006,2006,11,2,1
303,02/11/2006 2:00,02/11/2006,2006,11,2,2
303,02/11/2006 3:00,02/11/2006,2006,11,2,3
303,02/11/2006 4:00,02/11/2006,2006,11,2,4
303,02/11/2006 5:00,02/11/2006,2006,11,2,5
303,02/11/2006 6:00,02/11/2006,2006,11,2,6
303,02/11/2006 7:00,02/11/2006,2006,11,2,7
303,02/11/2006 8:00,02/11/2006,2006,11,2,8
303,02/11/2006 9:00,02/11/2006,2006,11,2,9
303,02/11/2006 10:00,02/11/2006,2006,11,2,10
303,02/11/2006 11:00,02/11/2006,2006,11,2,11
303,02/11/2006 12:00,02/11/2006,2006,11,2,12
303,02/11/2006 13:00,02/11/2006,2006,11,2,13
303,02/11/2006 14:00,02/11/2006,2006,11,2,14
303,02/11/2006 15:00,02/11/2006,2006,11,2,15
303,02/11/2006 16:00,02/11/2006,2006,11,2,16
303,02/11/2006 17:00,02/11/2006,2006,11,2,17
303,02/11/2006 18:00,02/11/2006,2006,11,2,18
303,02/11/2006 19:00,02/11/2006,2006,11,2,19
303,02/11/2006 20:00,02/11/2006,2006,11,2,20
303,02/11/2006 21:00,02/11/2006,2006,11,2,21
303,02/11/2006 22:00,02/11/2006,2006,11,2,22
303,02/11/2006 23:00,02/11/2006,2006,11,2,23
303,03/11/2006 0:00,03/11/2006,2006,11,3,0
303,03/11/2006 1:00,03/11/2006,2006,11,3,1
303,03/11/2006 2:00,03/11/2006,2006,11,3,2
303,03/11/2006 3:00,03/11/2006,2006,11,3,3
303,03/11/2006 4:00,03/11/2006,2006,11,3,4
303,03/11/2006 5:00,03/11/2006,2006,11,3,5
303,03/11/2006 6:00,03/11/2006,2006,11,3,6
303,03/11/2006 7:00,03/11/2006,2006,11,3,7
303,03/11/2006 8:00,03/11/2006,2006,11,3,8
303,03/11/2006 9:00,03/11/2006,2006,11,3,9
303,03/11/2006 10:00,03/11/2006,2006,11,3,10
303,03/11/2006 11:00,03/11/2006,2006,11,3,11
303,03/11/2006 12:00,03/11/2006,2006,11,3,12
303,03/11/2006 13:00,03/11/2006,2006,11,3,13
303,03/11/2006 14:00,03/11/2006,2006,11,3,14
303,03/11/2006 15:00,03/11/2006,2006,11,3,15
303,03/11/2006 16:00,03/11/2006,2006,11,3,16
303,03/11/2006 17:00,03/11/2006,2006,11,3,17
303,03/11/2006 18:00,03/11/2006,2006,11,3,18
303,03/11/2006 19:00,03/11/2006,2006,11,3,19
303,03/11/2006 20:00,03/11/2006,2006,11,3,20
303,03/11/2006 21:00,03/11/2006,2006,11,3,21
303,03/11/2006 22:00,03/11/2006,2006,11,3,22
303,03/11/2006 23:00,03/11/2006,2006,11,3,23
303,04/11/2006 0:00,04/11/2006,2006,11,4,0
303,04/11/2006 1:00,04/11/2006,2006,11,4,1
303,04/11/2006 2:00,04/11/2006,2006,11,4,2
303,04/11/2006 3:00,04/11/2006,2006,11,4,3
303,04/11/2006 4:00,04/11/2006,2006,11,4,4
304,09/08/2007 0:00,09/08/2007,2007,8,9,0
304,09/08/2007 1:00,09/08/2007,2007,8,9,1
304,09/08/2007 2:00,09/08/2007,2007,8,9,2
304,09/08/2007 3:00,09/08/2007,2007,8,9,3
304,09/08/2007 4:00,09/08/2007,2007,8,9,4
304,09/08/2007 5:00,09/08/2007,2007,8,9,5
304,09/08/2007 6:00,09/08/2007,2007,8,9,6
304,09/08/2007 7:00,09/08/2007,2007,8,9,7
304,09/08/2007 8:00,09/08/2007,2007,8,9,8
304,09/08/2007 9:00,09/08/2007,2007,8,9,9
304,09/08/2007 10:00,09/08/2007,2007,8,9,10
304,09/08/2007 11:00,09/08/2007,2007,8,9,11
304,09/08/2007 12:00,09/08/2007,2007,8,9,12
304,09/08/2007 13:00,09/08/2007,2007,8,9,13
304,09/08/2007 14:00,09/08/2007,2007,8,9,14
304,09/08/2007 15:00,09/08/2007,2007,8,9,15
304,09/08/2007 16:00,09/08/2007,2007,8,9,16
304,09/08/2007 17:00,09/08/2007,2007,8,9,17
304,09/08/2007 18:00,09/08/2007,2007,8,9,18
304,09/08/2007 19:00,09/08/2007,2007,8,9,19
304,09/08/2007 20:00,09/08/2007,2007,8,9,20
304,09/08/2007 21:00,09/08/2007,2007,8,9,21
304,09/08/2007 22:00,09/08/2007,2007,8,9,22
304,09/08/2007 23:00,09/08/2007,2007,8,9,23
304,10/08/2007 0:00,10/08/2007,2007,8,10,0
304,10/08/2007 1:00,10/08/2007,2007,8,10,1
304,10/08/2007 2:00,10/08/2007,2007,8,10,2
304,10/08/2007 3:00,10/08/2007,2007,8,10,3
304,10/08/2007 4:00,10/08/2007,2007,8,10,4
304,10/08/2007 5:00,10/08/2007,2007,8,10,5
304,10/08/2007 6:00,10/08/2007,2007,8,10,6
304,10/08/2007 7:00,10/08/2007,2007,8,10,7
304,10/08/2007 8:00,10/08/2007,2007,8,10,8
304,10/08/2007 9:00,10/08/2007,2007,8,10,9
304,10/08/2007 10:00,10/08/2007,2007,8,10,10
304,10/08/2007 11:00,10/08/2007,2007,8,10,11
304,10/08/2007 12:00,10/08/2007,2007,8,10,12
304,10/08/2007 13:00,10/08/2007,2007,8,10,13
304,10/08/2007 14:00,10/08/2007,2007,8,10,14
304,10/08/2007 15:00,10/08/2007,2007,8,10,15
304,10/08/2007 16:00,10/08/2007,2007,8,10,16
304,10/08/2007 17:00,10/08/2007,2007,8,10,17
304,10/08/2007 18:00,10/08/2007,2007,8,10,18
304,10/08/2007 19:00,10/08/2007,2007,8,10,19
304,10/08/2007 20:00,10/08/2007,2007,8,10,20
304,10/08/2007 21:00,10/08/2007,2007,8,10,21
304,10/08/2007 22:00,10/08/2007,2007,8,10,22
304,10/08/2007 23:00,10/08/2007,2007,8,10,23
304,11/08/2007 0:00,11/08/2007,2007,8,11,0
304,11/08/2007 1:00,11/08/2007,2007,8,11,1
304,11/08/2007 2:00,11/08/2007,2007,8,11,2
304,11/08/2007 3:00,11/08/2007,2007,8,11,3
304,11/08/2007 4:00,11/08/2007,2007,8,11,4
304,11/08/2007 5:00,11/08/2007,2007,8,11,5
304,11/08/2007 6:00,11/08/2007,2007,8,11,6
304,11/08/2007 7:00,11/08/2007,2007,8,11,7
304,11/08/2007 8:00,11/08/2007,2007,8,11,8
304,11/08/2007 9:00,11/08/2007,2007,8,11,9
304,11/08/2007 10:00,11/08/2007,2007,8,11,10
304,11/08/2007 11:00,11/08/2007,2007,8,11,11
304,11/08/2007 12:00,11/08/2007,2007,8,11,12
304,11/08/2007 13:00,11/08/2007,2007,8,11,13
304,11/08/2007 14:00,11/08/2007,2007,8,11,14
304,11/08/2007 15:00,11/08/2007,2007,8,11,15
304,11/08/2007 16:00,11/08/2007,2007,8,11,16
304,11/08/2007 17:00,11/08/2007,2007,8,11,17
304,11/08/2007 18:00,11/08/2007,2007,8,11,18
304,11/08/2007 19:00,11/08/2007,2007,8,11,19
304,11/08/2007 20:00,11/08/2007,2007,8,11,20
304,11/08/2007 21:00,11/08/2007,2007,8,11,21
304,11/08/2007 22:00,11/08/2007,2007,8,11,22
304,11/08/2007 23:00,11/08/2007,2007,8,11,23
304,12/08/2007 0:00,12/08/2007,2007,8,12,0
304,12/08/2007 1:00,12/08/2007,2007,8,12,1
304,12/08/2007 2:00,12/08/2007,2007,8,12,2
304,12/08/2007 3:00,12/08/2007,2007,8,12,3
304,12/08/2007 4:00,12/08/2007,2007,8,12,4
304,12/08/2007 5:00,12/08/2007,2007,8,12,5
304,12/08/2007 6:00,12/08/2007,2007,8,12,6
304,12/08/2007 7:00,12/08/2007,2007,8,12,7
304,12/08/2007 8:00,12/08/2007,2007,8,12,8
304,12/08/2007 9:00,12/08/2007,2007,8,12,9
304,12/08/2007 10:00,12/08/2007,2007,8,12,10
304,12/08/2007 11:00,12/08/2007,2007,8,12,11
304,12/08/2007 12:00,12/08/2007,2007,8,12,12
304,12/08/2007 13:00,12/08/2007,2007,8,12,13
304,12/08/2007 14:00,12/08/2007,2007,8,12,14
304,12/08/2007 15:00,12/08/2007,2007,8,12,15
304,12/08/2007 16:00,12/08/2007,2007,8,12,16
304,12/08/2007 17:00,12/08/2007,2007,8,12,17
304,12/08/2007 18:00,12/08/2007,2007,8,12,18
304,12/08/2007 19:00,12/08/2007,2007,8,12,19
304,12/08/2007 20:00,12/08/2007,2007,8,12,20
304,12/08/2007 21:00,12/08/2007,2007,8,12,21
304,12/08/2007 22:00,12/08/2007,2007,8,12,22
304,12/08/2007 23:00,12/08/2007,2007,8,12,23
304,13/08/2007 0:00,13/08/2007,2007,8,13,0
304,13/08/2007 1:00,13/08/2007,2007,8,13,1
304,13/08/2007 2:00,13/08/2007,2007,8,13,2
304,13/08/2007 3:00,13/08/2007,2007,8,13,3
304,13/08/2007 4:00,13/08/2007,2007,8,13,4
305,27/10/2006 0:00,27/10/2006,2006,10,27,0
305,27/10/2006 1:00,27/10/2006,2006,10,27,1
305,27/10/2006 2:00,27/10/2006,2006,10,27,2
305,27/10/2006 3:00,27/10/2006,2006,10,27,3
305,27/10/2006 4:00,27/10/2006,2006,10,27,4
305,27/10/2006 5:00,27/10/2006,2006,10,27,5
305,27/10/2006 6:00,27/10/2006,2006,10,27,6
305,27/10/2006 7:00,27/10/2006,2006,10,27,7
305,27/10/2006 8:00,27/10/2006,2006,10,27,8
305,27/10/2006 9:00,27/10/2006,2006,10,27,9
305,27/10/2006 10:00,27/10/2006,2006,10,27,10
305,27/10/2006 11:00,27/10/2006,2006,10,27,11
305,27/10/2006 12:00,27/10/2006,2006,10,27,12
305,27/10/2006 13:00,27/10/2006,2006,10,27,13
305,27/10/2006 14:00,27/10/2006,2006,10,27,14
305,27/10/2006 15:00,27/10/2006,2006,10,27,15
305,27/10/2006 16:00,27/10/2006,2006,10,27,16
305,27/10/2006 17:00,27/10/2006,2006,10,27,17
305,27/10/2006 18:00,27/10/2006,2006,10,27,18
305,27/10/2006 19:00,27/10/2006,2006,10,27,19
305,27/10/2006 20:00,27/10/2006,2006,10,27,20
305,27/10/2006 21:00,27/10/2006,2006,10,27,21
305,27/10/2006 22:00,27/10/2006,2006,10,27,22
305,27/10/2006 23:00,27/10/2006,2006,10,27,23
305,28/10/2006 0:00,28/10/2006,2006,10,28,0
305,28/10/2006 1:00,28/10/2006,2006,10,28,1
305,28/10/2006 2:00,28/10/2006,2006,10,28,2
305,28/10/2006 3:00,28/10/2006,2006,10,28,3
305,28/10/2006 4:00,28/10/2006,2006,10,28,4
305,28/10/2006 5:00,28/10/2006,2006,10,28,5
305,28/10/2006 6:00,28/10/2006,2006,10,28,6
305,28/10/2006 7:00,28/10/2006,2006,10,28,7
305,28/10/2006 8:00,28/10/2006,2006,10,28,8
305,28/10/2006 9:00,28/10/2006,2006,10,28,9
305,28/10/2006 10:00,28/10/2006,2006,10,28,10
305,28/10/2006 11:00,28/10/2006,2006,10,28,11
305,28/10/2006 12:00,28/10/2006,2006,10,28,12
305,28/10/2006 13:00,28/10/2006,2006,10,28,13
305,28/10/2006 14:00,28/10/2006,2006,10,28,14
305,28/10/2006 15:00,28/10/2006,2006,10,28,15
305,28/10/2006 16:00,28/10/2006,2006,10,28,16
305,28/10/2006 17:00,28/10/2006,2006,10,28,17
305,28/10/2006 18:00,28/10/2006,2006,10,28,18
305,28/10/2006 19:00,28/10/2006,2006,10,28,19
305,28/10/2006 20:00,28/10/2006,2006,10,28,20
305,28/10/2006 21:00,28/10/2006,2006,10,28,21
305,28/10/2006 22:00,28/10/2006,2006,10,28,22
305,28/10/2006 23:00,28/10/2006,2006,10,28,23
305,29/10/2006 0:00,29/10/2006,2006,10,29,0
305,29/10/2006 1:00,29/10/2006,2006,10,29,1
305,29/10/2006 2:00,29/10/2006,2006,10,29,2
305,29/10/2006 3:00,29/10/2006,2006,10,29,3
305,29/10/2006 4:00,29/10/2006,2006,10,29,4
305,29/10/2006 5:00,29/10/2006,2006,10,29,5
305,29/10/2006 6:00,29/10/2006,2006,10,29,6
305,29/10/2006 7:00,29/10/2006,2006,10,29,7
305,29/10/2006 8:00,29/10/2006,2006,10,29,8
305,29/10/2006 9:00,29/10/2006,2006,10,29,9
305,29/10/2006 10:00,29/10/2006,2006,10,29,10
305,29/10/2006 11:00,29/10/2006,2006,10,29,11
305,29/10/2006 12:00,29/10/2006,2006,10,29,12
305,29/10/2006 13:00,29/10/2006,2006,10,29,13
305,29/10/2006 14:00,29/10/2006,2006,10,29,14
305,29/10/2006 15:00,29/10/2006,2006,10,29,15
305,29/10/2006 16:00,29/10/2006,2006,10,29,16
305,29/10/2006 17:00,29/10/2006,2006,10,29,17
305,29/10/2006 18:00,29/10/2006,2006,10,29,18
305,29/10/2006 19:00,29/10/2006,2006,10,29,19
305,29/10/2006 20:00,29/10/2006,2006,10,29,20
305,29/10/2006 21:00,29/10/2006,2006,10,29,21
305,29/10/2006 22:00,29/10/2006,2006,10,29,22
305,29/10/2006 23:00,29/10/2006,2006,10,29,23
305,30/10/2006 0:00,30/10/2006,2006,10,30,0
305,30/10/2006 1:00,30/10/2006,2006,10,30,1
305,30/10/2006 2:00,30/10/2006,2006,10,30,2
305,30/10/2006 3:00,30/10/2006,2006,10,30,3
305,30/10/2006 4:00,30/10/2006,2006,10,30,4
305,30/10/2006 5:00,30/10/2006,2006,10,30,5
305,30/10/2006 6:00,30/10/2006,2006,10,30,6
305,30/10/2006 7:00,30/10/2006,2006,10,30,7
305,30/10/2006 8:00,30/10/2006,2006,10,30,8
305,30/10/2006 9:00,30/10/2006,2006,10,30,9
305,30/10/2006 10:00,30/10/2006,2006,10,30,10
305,30/10/2006 11:00,30/10/2006,2006,10,30,11
305,30/10/2006 12:00,30/10/2006,2006,10,30,12
305,30/10/2006 13:00,30/10/2006,2006,10,30,13
305,30/10/2006 14:00,30/10/2006,2006,10,30,14
305,30/10/2006 15:00,30/10/2006,2006,10,30,15
305,30/10/2006 16:00,30/10/2006,2006,10,30,16
305,30/10/2006 17:00,30/10/2006,2006,10,30,17
305,30/10/2006 18:00,30/10/2006,2006,10,30,18
305,30/10/2006 19:00,30/10/2006,2006,10,30,19
305,30/10/2006 20:00,30/10/2006,2006,10,30,20
305,30/10/2006 21:00,30/10/2006,2006,10,30,21
305,30/10/2006 22:00,30/10/2006,2006,10,30,22
305,30/10/2006 23:00,30/10/2006,2006,10,30,23
305,31/10/2006 0:00,31/10/2006,2006,10,31,0
305,31/10/2006 1:00,31/10/2006,2006,10,31,1
305,31/10/2006 2:00,31/10/2006,2006,10,31,2
305,31/10/2006 3:00,31/10/2006,2006,10,31,3
305,31/10/2006 4:00,31/10/2006,2006,10,31,4
306,03/11/2006 0:00,03/11/2006,2006,11,3,0
306,03/11/2006 1:00,03/11/2006,2006,11,3,1
306,03/11/2006 2:00,03/11/2006,2006,11,3,2
306,03/11/2006 3:00,03/11/2006,2006,11,3,3
306,03/11/2006 4:00,03/11/2006,2006,11,3,4
306,03/11/2006 5:00,03/11/2006,2006,11,3,5
306,03/11/2006 6:00,03/11/2006,2006,11,3,6
306,03/11/2006 7:00,03/11/2006,2006,11,3,7
306,03/11/2006 8:00,03/11/2006,2006,11,3,8
306,03/11/2006 9:00,03/11/2006,2006,11,3,9
306,03/11/2006 10:00,03/11/2006,2006,11,3,10
306,03/11/2006 11:00,03/11/2006,2006,11,3,11
306,03/11/2006 12:00,03/11/2006,2006,11,3,12
306,03/11/2006 13:00,03/11/2006,2006,11,3,13
306,03/11/2006 14:00,03/11/2006,2006,11,3,14
306,03/11/2006 15:00,03/11/2006,2006,11,3,15
306,03/11/2006 16:00,03/11/2006,2006,11,3,16
306,03/11/2006 17:00,03/11/2006,2006,11,3,17
306,03/11/2006 18:00,03/11/2006,2006,11,3,18
306,03/11/2006 19:00,03/11/2006,2006,11,3,19
306,03/11/2006 20:00,03/11/2006,2006,11,3,20
306,03/11/2006 21:00,03/11/2006,2006,11,3,21
306,03/11/2006 22:00,03/11/2006,2006,11,3,22
306,03/11/2006 23:00,03/11/2006,2006,11,3,23
306,04/11/2006 0:00,04/11/2006,2006,11,4,0
306,04/11/2006 1:00,04/11/2006,2006,11,4,1
306,04/11/2006 2:00,04/11/2006,2006,11,4,2
306,04/11/2006 3:00,04/11/2006,2006,11,4,3
306,04/11/2006 4:00,04/11/2006,2006,11,4,4
306,04/11/2006 5:00,04/11/2006,2006,11,4,5
306,04/11/2006 6:00,04/11/2006,2006,11,4,6
306,04/11/2006 7:00,04/11/2006,2006,11,4,7
306,04/11/2006 8:00,04/11/2006,2006,11,4,8
306,04/11/2006 9:00,04/11/2006,2006,11,4,9
306,04/11/2006 10:00,04/11/2006,2006,11,4,10
306,04/11/2006 11:00,04/11/2006,2006,11,4,11
306,04/11/2006 12:00,04/11/2006,2006,11,4,12
306,04/11/2006 13:00,04/11/2006,2006,11,4,13
306,04/11/2006 14:00,04/11/2006,2006,11,4,14
306,04/11/2006 15:00,04/11/2006,2006,11,4,15
306,04/11/2006 16:00,04/11/2006,2006,11,4,16
306,04/11/2006 17:00,04/11/2006,2006,11,4,17
306,04/11/2006 18:00,04/11/2006,2006,11,4,18
306,04/11/2006 19:00,04/11/2006,2006,11,4,19
306,04/11/2006 20:00,04/11/2006,2006,11,4,20
306,04/11/2006 21:00,04/11/2006,2006,11,4,21
306,04/11/2006 22:00,04/11/2006,2006,11,4,22
306,04/11/2006 23:00,04/11/2006,2006,11,4,23
306,05/11/2006 0:00,05/11/2006,2006,11,5,0
306,05/11/2006 1:00,05/11/2006,2006,11,5,1
306,05/11/2006 2:00,05/11/2006,2006,11,5,2
306,05/11/2006 3:00,05/11/2006,2006,11,5,3
306,05/11/2006 4:00,05/11/2006,2006,11,5,4
306,05/11/2006 5:00,05/11/2006,2006,11,5,5
306,05/11/2006 6:00,05/11/2006,2006,11,5,6
306,05/11/2006 7:00,05/11/2006,2006,11,5,7
306,05/11/2006 8:00,05/11/2006,2006,11,5,8
306,05/11/2006 9:00,05/11/2006,2006,11,5,9
306,05/11/2006 10:00,05/11/2006,2006,11,5,10
306,05/11/2006 11:00,05/11/2006,2006,11,5,11
306,05/11/2006 12:00,05/11/2006,2006,11,5,12
306,05/11/2006 13:00,05/11/2006,2006,11,5,13
306,05/11/2006 14:00,05/11/2006,2006,11,5,14
306,05/11/2006 15:00,05/11/2006,2006,11,5,15
306,05/11/2006 16:00,05/11/2006,2006,11,5,16
306,05/11/2006 17:00,05/11/2006,2006,11,5,17
306,05/11/2006 18:00,05/11/2006,2006,11,5,18
306,05/11/2006 19:00,05/11/2006,2006,11,5,19
306,05/11/2006 20:00,05/11/2006,2006,11,5,20
306,05/11/2006 21:00,05/11/2006,2006,11,5,21
306,05/11/2006 22:00,05/11/2006,2006,11,5,22
306,05/11/2006 23:00,05/11/2006,2006,11,5,23
306,06/11/2006 0:00,06/11/2006,2006,11,6,0
306,06/11/2006 1:00,06/11/2006,2006,11,6,1
306,06/11/2006 2:00,06/11/2006,2006,11,6,2
306,06/11/2006 3:00,06/11/2006,2006,11,6,3
306,06/11/2006 4:00,06/11/2006,2006,11,6,4
306,06/11/2006 5:00,06/11/2006,2006,11,6,5
306,06/11/2006 6:00,06/11/2006,2006,11,6,6
306,06/11/2006 7:00,06/11/2006,2006,11,6,7
306,06/11/2006 8:00,06/11/2006,2006,11,6,8
306,06/11/2006 9:00,06/11/2006,2006,11,6,9
306,06/11/2006 10:00,06/11/2006,2006,11,6,10
306,06/11/2006 11:00,06/11/2006,2006,11,6,11
306,06/11/2006 12:00,06/11/2006,2006,11,6,12
306,06/11/2006 13:00,06/11/2006,2006,11,6,13
306,06/11/2006 14:00,06/11/2006,2006,11,6,14
306,06/11/2006 15:00,06/11/2006,2006,11,6,15
306,06/11/2006 16:00,06/11/2006,2006,11,6,16
306,06/11/2006 17:00,06/11/2006,2006,11,6,17
306,06/11/2006 18:00,06/11/2006,2006,11,6,18
306,06/11/2006 19:00,06/11/2006,2006,11,6,19
306,06/11/2006 20:00,06/11/2006,2006,11,6,20
306,06/11/2006 21:00,06/11/2006,2006,11,6,21
306,06/11/2006 22:00,06/11/2006,2006,11,6,22
306,06/11/2006 23:00,06/11/2006,2006,11,6,23
306,07/11/2006 0:00,07/11/2006,2006,11,7,0
306,07/11/2006 1:00,07/11/2006,2006,11,7,1
306,07/11/2006 2:00,07/11/2006,2006,11,7,2
306,07/11/2006 3:00,07/11/2006,2006,11,7,3
306,07/11/2006 4:00,07/11/2006,2006,11,7,4
307,25/10/2006 0:00,25/10/2006,2006,10,25,0
307,25/10/2006 1:00,25/10/2006,2006,10,25,1
307,25/10/2006 2:00,25/10/2006,2006,10,25,2
307,25/10/2006 3:00,25/10/2006,2006,10,25,3
307,25/10/2006 4:00,25/10/2006,2006,10,25,4
307,25/10/2006 5:00,25/10/2006,2006,10,25,5
307,25/10/2006 6:00,25/10/2006,2006,10,25,6
307,25/10/2006 7:00,25/10/2006,2006,10,25,7
307,25/10/2006 8:00,25/10/2006,2006,10,25,8
307,25/10/2006 9:00,25/10/2006,2006,10,25,9
307,25/10/2006 10:00,25/10/2006,2006,10,25,10
307,25/10/2006 11:00,25/10/2006,2006,10,25,11
307,25/10/2006 12:00,25/10/2006,2006,10,25,12
307,25/10/2006 13:00,25/10/2006,2006,10,25,13
307,25/10/2006 14:00,25/10/2006,2006,10,25,14
307,25/10/2006 15:00,25/10/2006,2006,10,25,15
307,25/10/2006 16:00,25/10/2006,2006,10,25,16
307,25/10/2006 17:00,25/10/2006,2006,10,25,17
307,25/10/2006 18:00,25/10/2006,2006,10,25,18
307,25/10/2006 19:00,25/10/2006,2006,10,25,19
307,25/10/2006 20:00,25/10/2006,2006,10,25,20
307,25/10/2006 21:00,25/10/2006,2006,10,25,21
307,25/10/2006 22:00,25/10/2006,2006,10,25,22
307,25/10/2006 23:00,25/10/2006,2006,10,25,23
307,26/10/2006 0:00,26/10/2006,2006,10,26,0
307,26/10/2006 1:00,26/10/2006,2006,10,26,1
307,26/10/2006 2:00,26/10/2006,2006,10,26,2
307,26/10/2006 3:00,26/10/2006,2006,10,26,3
307,26/10/2006 4:00,26/10/2006,2006,10,26,4
307,26/10/2006 5:00,26/10/2006,2006,10,26,5
307,26/10/2006 6:00,26/10/2006,2006,10,26,6
307,26/10/2006 7:00,26/10/2006,2006,10,26,7
307,26/10/2006 8:00,26/10/2006,2006,10,26,8
307,26/10/2006 9:00,26/10/2006,2006,10,26,9
307,26/10/2006 10:00,26/10/2006,2006,10,26,10
307,26/10/2006 11:00,26/10/2006,2006,10,26,11
307,26/10/2006 12:00,26/10/2006,2006,10,26,12
307,26/10/2006 13:00,26/10/2006,2006,10,26,13
307,26/10/2006 14:00,26/10/2006,2006,10,26,14
307,26/10/2006 15:00,26/10/2006,2006,10,26,15
307,26/10/2006 16:00,26/10/2006,2006,10,26,16
307,26/10/2006 17:00,26/10/2006,2006,10,26,17
307,26/10/2006 18:00,26/10/2006,2006,10,26,18
307,26/10/2006 19:00,26/10/2006,2006,10,26,19
307,26/10/2006 20:00,26/10/2006,2006,10,26,20
307,26/10/2006 21:00,26/10/2006,2006,10,26,21
307,26/10/2006 22:00,26/10/2006,2006,10,26,22
307,26/10/2006 23:00,26/10/2006,2006,10,26,23
307,27/10/2006 0:00,27/10/2006,2006,10,27,0
307,27/10/2006 1:00,27/10/2006,2006,10,27,1
307,27/10/2006 2:00,27/10/2006,2006,10,27,2
307,27/10/2006 3:00,27/10/2006,2006,10,27,3
307,27/10/2006 4:00,27/10/2006,2006,10,27,4
307,27/10/2006 5:00,27/10/2006,2006,10,27,5
307,27/10/2006 6:00,27/10/2006,2006,10,27,6
307,27/10/2006 7:00,27/10/2006,2006,10,27,7
307,27/10/2006 8:00,27/10/2006,2006,10,27,8
307,27/10/2006 9:00,27/10/2006,2006,10,27,9
307,27/10/2006 10:00,27/10/2006,2006,10,27,10
307,27/10/2006 11:00,27/10/2006,2006,10,27,11
307,27/10/2006 12:00,27/10/2006,2006,10,27,12
307,27/10/2006 13:00,27/10/2006,2006,10,27,13
307,27/10/2006 14:00,27/10/2006,2006,10,27,14
307,27/10/2006 15:00,27/10/2006,2006,10,27,15
307,27/10/2006 16:00,27/10/2006,2006,10,27,16
307,27/10/2006 17:00,27/10/2006,2006,10,27,17
307,27/10/2006 18:00,27/10/2006,2006,10,27,18
307,27/10/2006 19:00,27/10/2006,2006,10,27,19
307,27/10/2006 20:00,27/10/2006,2006,10,27,20
307,27/10/2006 21:00,27/10/2006,2006,10,27,21
307,27/10/2006 22:00,27/10/2006,2006,10,27,22
307,27/10/2006 23:00,27/10/2006,2006,10,27,23
307,28/10/2006 0:00,28/10/2006,2006,10,28,0
307,28/10/2006 1:00,28/10/2006,2006,10,28,1
307,28/10/2006 2:00,28/10/2006,2006,10,28,2
307,28/10/2006 3:00,28/10/2006,2006,10,28,3
307,28/10/2006 4:00,28/10/2006,2006,10,28,4
307,28/10/2006 5:00,28/10/2006,2006,10,28,5
307,28/10/2006 6:00,28/10/2006,2006,10,28,6
307,28/10/2006 7:00,28/10/2006,2006,10,28,7
307,28/10/2006 8:00,28/10/2006,2006,10,28,8
307,28/10/2006 9:00,28/10/2006,2006,10,28,9
307,28/10/2006 10:00,28/10/2006,2006,10,28,10
307,28/10/2006 11:00,28/10/2006,2006,10,28,11
307,28/10/2006 12:00,28/10/2006,2006,10,28,12
307,28/10/2006 13:00,28/10/2006,2006,10,28,13
307,28/10/2006 14:00,28/10/2006,2006,10,28,14
307,28/10/2006 15:00,28/10/2006,2006,10,28,15
307,28/10/2006 16:00,28/10/2006,2006,10,28,16
307,28/10/2006 17:00,28/10/2006,2006,10,28,17
307,28/10/2006 18:00,28/10/2006,2006,10,28,18
307,28/10/2006 19:00,28/10/2006,2006,10,28,19
307,28/10/2006 20:00,28/10/2006,2006,10,28,20
307,28/10/2006 21:00,28/10/2006,2006,10,28,21
307,28/10/2006 22:00,28/10/2006,2006,10,28,22
307,28/10/2006 23:00,28/10/2006,2006,10,28,23
307,29/10/2006 0:00,29/10/2006,2006,10,29,0
307,29/10/2006 1:00,29/10/2006,2006,10,29,1
307,29/10/2006 2:00,29/10/2006,2006,10,29,2
307,29/10/2006 3:00,29/10/2006,2006,10,29,3
307,29/10/2006 4:00,29/10/2006,2006,10,29,4
